{"type":"footer","name":"Footer group","sections":{"dbtfy_faq_tdyRBQ":{"type":"dbtfy-faq","blocks":{"category_dzy36H":{"type":"category","disabled":true,"settings":{"heading":"","title":"Category","icon":"support"}},"question_DJ8ANT":{"type":"question","disabled":true,"settings":{"heading":"","open_by_default":false,"icon":"","title":"Can I order with Apple Pay?","answer":"<p>If you would like to place an order with Apple Pay, Venmo, or Zelle, please send a message to <strong>@stashngrab<\/strong> on Discord.<\/p>"}},"question_NXdXTR":{"type":"question","disabled":true,"settings":{"heading":"","open_by_default":false,"icon":"","title":"What will show up on my bank statement?","answer":"<p>\"SNG LLC\" is what will show up on your bank statement if you place an order through our site.<\/p>"}},"question_8igCj7":{"type":"question","disabled":true,"settings":{"heading":"","open_by_default":false,"icon":"","title":"Is the packaging discreet?","answer":"<p>We ship all our orders in black bubble mailers. It will NOT have the words \"vape\" or \"stashngrab\" anywhere on the package or shipping label to keep the order as discreet as possible.<\/p>"}},"question_QVEHei":{"type":"question","settings":{"heading":"","open_by_default":false,"icon":"","title":"WHAT WILL SHOW UP ON MY BANK STATEMENT?","answer":"<p>\"PitStop.us\" is what will show up on your bank statement if you place an order through our site.<\/p>"}},"question_yCkU4E":{"type":"question","settings":{"heading":"","open_by_default":false,"icon":"","title":"HOW LONG DOES SHIPPING USUALLY TAKE?","answer":"<p>Shipping takes about 3-5 days on average, but can vary depending on many factors. Keep on eye on your tracking number to stay up to date on your package location.<\/p>"}},"question_YccyGf":{"type":"question","settings":{"heading":"","open_by_default":false,"icon":"","title":"WHAT ARE PRE-ORDER ITEMS?","answer":"<p>Pre-Order items are products from our latest collection that can be reserved ahead of time during a limited timeframe. By purchasing a Pre-Order item, you secure your chosen style and size before it becomes widely available. Estimated delivery windows are provided on the product detail page, though arrival may vary and could be earlier or later than expected. You can return your item(s) or cancel your Pre-Order in accordance with our Online Return Policy. For updates regarding your Pre-Order, please <a href=\"https:\/\/sng-cc-w.myshopify.com\/pages\/contact\" title=\"\/pages\/contact\">contact us<\/a>. <\/p>"}},"question_rh4YTj":{"type":"question","settings":{"heading":"","open_by_default":false,"icon":"","title":"WHAT ARE BACK-ORDER ITEMS?","answer":"<p>Back-Order items are products that are temporarily unavailable and cannot be shipped right away. Estimated delivery times are listed on the product detail page and may take several weeks, with your order possibly arriving earlier or later than stated. You can return your item(s) or cancel your Back-Order in accordance with our Online Return Policy. For updates regarding your Back-Order, please contact us. <\/p>"}}},"block_order":["category_dzy36H","question_DJ8ANT","question_NXdXTR","question_8igCj7","question_QVEHei","question_yCkU4E","question_YccyGf","question_rh4YTj"],"disabled":true,"custom_css":["* {background-color: transparent;}"],"settings":{"show_on_desktop":true,"show_on_mobile":true,"section_style":"blank","container_size":"container","heading":"Frequently asked Questions","subheading":"","show_search":false,"search_placeholder":"Search questions...","answer_text_alignment":"sm:text-center","answer_text_alignment_mobile":"text-center","show_banner":false,"banner_icon":"live_help","banner_heading":"Didn't find your answer?","banner_subheading":"Our customer service will be happy to help you.","banner_button_label":"Get in Touch","banner_button_url":"","color_scheme":"scheme-08b4fef8-33c1-4ac2-a9bf-66eea24a483c"}},"footer":{"type":"footer","blocks":{"link_list_HRXqqM":{"type":"link_list","settings":{"heading":"","column_width":5,"title":"","subheading":"","menu":"footer"}}},"block_order":["link_list_HRXqqM"],"custom_css":[".footer__linklist {display: flex; gap: 40px; \/* Adjust spacing between links *\/ justify-content: center; \/* Center align links *\/ padding: 0; list-style: none;}",".footer__linklist li {display: inline;}",".footer__linklist a {text-decoration: none; color: #fff; \/* White color for links *\/ font-weight: 500;}",".footer__linklist a:hover {text-decoration: underline;}","* {background-color: transparent; justify-content: center;}","#shopify-block-AaUY3TDlOK3J2UVAyQ__4015264832934714879 {display: none !important;}"],"settings":{"show_social_media":true,"social_media_position_desktop":"right","social_media_position_mobile":"center","social_media_title":"","show_policy_links":false,"color_scheme":"scheme-08b4fef8-33c1-4ac2-a9bf-66eea24a483c"}}},"order":["dbtfy_faq_tdyRBQ","footer"]}