{"type":"header","name":"Header group","sections":{"header":{"type":"header","custom_css":["* {background-color: transparent;}"],"settings":{"layout":"logo-center-navigation-drawer","menu":"main-menu","search_type":"drawer","search_type_mobile":"minimal","enable_logo_link":true,"enable_login_text":true,"icon":"perm_identity","logo_default":"shopify:\/\/shop_images\/P_T_2.png","logo_mobile":"shopify:\/\/shop_images\/P_T_2.png","logo_width_desktop":145,"logo_width_mobile":124,"color_scheme":"scheme-08b4fef8-33c1-4ac2-a9bf-66eea24a483c"}},"drawer-menu":{"type":"drawer-menu","settings":{"logo_width":100,"toggle_submenu_on_links":true,"show_email":false,"show_phone":false,"show_social_medias":false,"show_menu_icon":false,"heading":"Menu","primary_menu":"main-menu","secondary_menu":"","color_scheme":"scheme-08b4fef8-33c1-4ac2-a9bf-66eea24a483c"}}},"order":["header","drawer-menu"]}