{"current":{"show_video_bg_website":true,"search_drawer_color_scheme":"scheme-08b4fef8-33c1-4ac2-a9bf-66eea24a483c","icon":"material-icons","cart_drawer_color_scheme":"scheme-08b4fef8-33c1-4ac2-a9bf-66eea24a483c","cart_modal_color_scheme":"scheme-08b4fef8-33c1-4ac2-a9bf-66eea24a483c","favicon":"shopify:\/\/shop_images\/IMG_3499_46a0d3d7-b248-4df8-9053-ae3be1594a7a.png","social_facebook_link":"","social_instagram_link":"https:\/\/www.instagram.com\/pitstopjewelry?igsh=OG4weWd2NGRpaXdk","social_tiktok_link":"http:\/\/www.tiktok.com\/@pitstopjewelry","dbtfy_addtocart_animation":false,"dbtfy_cart_goal":false,"dbtfy_cart_reminder":false,"dbtfy_cart_savings":false,"dbtfy_cart_upsell":false,"dbtfy_collection_addtocart":false,"dbtfy_cart_bubble":false,"dbtfy_cart_discount":false,"dbtfy_cart_notification":false,"dbtfy_customizable_products":false,"dbtfy_discount_saved":false,"dbtfy_inventory_quantity":false,"dbtfy_logo_list":false,"dbtfy_social_discount":false,"dbtfy_sticky_addtocart":true,"dbtfy_trust_badge":false,"dbtfy_upsell_bundles":false,"dbtfy_upsell_popup":false,"dbtfy_newsletter_popup":false,"dbtfy_order_feedback":false,"dbtfy_testimonials":true,"dbtfy_wish_list":false,"dbtfy_back_in_stock":false,"dbtfy_back_to_top":false,"dbtfy_breadcrumbs":false,"dbtfy_cart_favicon":false,"dbtfy_collection_filters":false,"dbtfy_collections_list":false,"dbtfy_color_swatches":false,"dbtfy_custom_currencies":false,"dbtfy_delivery_date":false,"dbtfy_delivery_time":false,"dbtfy_featured_collection":false,"dbtfy_image_with_text":false,"dbtfy_inactive_tab_message":false,"dbtfy_infinite_scroll":false,"dbtfy_instagram_feed":false,"dbtfy_mega_menu":false,"dbtfy_page_speed_booster":false,"dbtfy_pricing_table":false,"dbtfy_product_bullet_points":false,"dbtfy_product_image_crop":false,"dbtfy_product_swatches":false,"dbtfy_product_tabs":false,"dbtfy_quantity_breaks":false,"dbtfy_quick_compare":false,"dbtfy_show_second_image_on_hover":false,"dbtfy_size_chart":false,"dbtfy_smart_search":false,"dbtfy_sticky_header":false,"dbtfy_synced_variant_image":false,"dbtfy_text_columns_with_images":false,"dbtfy_comparison_table":false,"dbtfy_result_section":false,"dbtfy_sales_popup_notification":false,"dbtfy_blog_posts":false,"dbtfy_split_video_with_text":false,"dbtfy_scrolling_banner":false,"dbtfy_custom_code":false,"dbtfy_before_after_image":false,"dbtfy_slideshow":false,"dbtfy_age_check":true,"dbtfy_agree_to_terms":false,"dbtfy_cookie_box":false,"dbtfy_shop_protect":false,"dbtfy_menu_bar_color_scheme":"scheme-08b4fef8-33c1-4ac2-a9bf-66eea24a483c","dbtfy_page_transition_logo":"shopify:\/\/shop_images\/IMG_3499_46a0d3d7-b248-4df8-9053-ae3be1594a7a.png","dbtfy_quick_compare_color_scheme":"scheme-08b4fef8-33c1-4ac2-a9bf-66eea24a483c","dbtfy_quick_view_color_scheme":"scheme-08b4fef8-33c1-4ac2-a9bf-66eea24a483c","dbtfy_recently_viewed_bar_color_scheme":"scheme-08b4fef8-33c1-4ac2-a9bf-66eea24a483c","dbtfy_sticky_addtocart_color_scheme":"scheme-08b4fef8-33c1-4ac2-a9bf-66eea24a483c","trust_badges_show_on_footer":true,"trust_badges_badges_footer_location":"below","content_for_index":[],"blocks":{"4015264832934714879":{"type":"shopify:\/\/apps\/ecomsend-popups\/blocks\/app\/a5670cf8-5705-4b01-ad9e-447033feae26","disabled":false,"settings":{}}},"color_schemes":{"background-1":{"settings":{"background":"#ffffff","accent_background":"#faf8ff","borders":"#e5e5e5","headings":"#212529","text":"#444444","buttons_background":"#755aff","buttons_label":"#ffffff","links":"#755aff","inputs_background":"#f2ecff","errors":"#ff0000","sales":"#ff0000","overlay_background":"#212529","overlay_text":"#ffffff"}},"background-2":{"settings":{"background":"#755aff","accent_background":"#f2ecff","borders":"#755aff","headings":"#ffffff","text":"#ffffff","buttons_background":"#ffffff","buttons_label":"#755aff","links":"#f2ecff","inputs_background":"#ffffff","errors":"#eb361e","sales":"#eb361e","overlay_background":"#212529","overlay_text":"#ffffff"}},"scheme-08b4fef8-33c1-4ac2-a9bf-66eea24a483c":{"settings":{"background":"#000000","accent_background":"#000000","borders":"#ffffff","headings":"#ffffff","text":"#ffffff","buttons_background":"#ffffff","buttons_label":"#ffffff","links":"#ffffff","inputs_background":"#030303","errors":"#ff0000","sales":"#ffffff","overlay_background":"#000000","overlay_text":"#ffffff"}}}},"platform_customizations":{"custom_css":[".shopify-block {background: #000; color: #fff; border: 1px solid #fff; padding: 15px; text-align: center;}",".shopify-block h1,.shopify-block h2,.shopify-block h3,.shopify-block a,.shopify-block .sale-price {color: #fff;}",".shopify-block button {background: #fff; color: #030303; border: none; padding: 10px; cursor: pointer;}",".shopify-block input {background: #030303; color: #fff; border: 1px solid #fff; padding: 8px;}",".shopify-block .error {color: #f00;}",".section-template--17261932707949__carousel_i8jHmz,.featured-collection-template--17261932707949__carousel_i8jHmz {background-color: transparent !important; background-image: none !important;}",".featured-collection-item-template--17276361506925__carousel_HfWmdx {background-color: transparent !important;}","#shopify-block-AaUY3TDlOK3J2UVAyQ__4015264832934714879 {display: none !important;}"]}}