{"sections":{"main":{"type":"main-list-collections","custom_css":["*{background-color: transparent;}"],"settings":{"section_style":"blank","container_size":"container","heading":"Catalog","subheading":"","desktop_columns":3,"collections_display_type":"grid","fill_collections":false,"display_type":"all","sort_type":"alphabetical","collections_per_page":12,"collection_display_type":"tiles","collection_image_alignment":"center-center","collection_content_alignment":"middle-center","collection_height":"md","collection_grid_show_title":true,"collection_grid_show_products_count":true,"collection_grid_enable_hover_animation":true,"collection_grid_show_button":true,"collection_grid_button_style":"btn--primary","collection_grid_button_size":"btn--sm","pagination_type":"default","pagination_label":"Load more","enable_slider":true,"show_dots":true,"enable_autoplay":false,"autoplay_speed":5,"images_loading_type":"lazy","color_scheme":""}}},"order":["main"]}