{"sections":{"main":{"type":"main-page","disabled":true,"settings":{"section_style":"blank","container_size":"container","color_scheme":""}},"featured_product_zkbjtD":{"type":"featured-product","blocks":{"properties_DzYRWg":{"type":"properties","settings":{"show_vendor":false,"show_type":true,"show_sku":false,"show_icons":true,"show_labels":true}},"title_yjeGwR":{"type":"title","settings":{"enlarge_title":false,"position":"below"}},"star_rating_Mmjhtc":{"type":"star_rating","settings":{}},"price_Hpqpr3":{"type":"price","settings":{"position":"below"}},"wish_list_qm3kVm":{"type":"wish_list","settings":{}},"quick_compare_KN7rxb":{"type":"quick_compare","settings":{}},"bullet_points_GrhjJr":{"type":"bullet_points","settings":{}},"size_chart_gAAUhR":{"type":"size_chart","settings":{"position":"next-to-size","option_name":"Size"}},"color_swatches_pbw4kx":{"type":"color_swatches","settings":{}},"product_swatches_8eAcRk":{"type":"product_swatches","settings":{}},"variant_picker_xrQX7R":{"type":"variant_picker","settings":{"type":"select"}},"quantity_selector_BD3NAq":{"type":"quantity_selector","settings":{}},"customizable_products_pcR6DU":{"type":"customizable_products","settings":{}},"description_mhakXJ":{"type":"description","settings":{"show_as_separate_section":false,"enable_split_description":false,"block_style":"blank","container_size":"container","text_alignment":"sm:text-start","text_alignment_mobile":"text-start"}},"buy_buttons_EnLbgD":{"type":"buy_buttons","settings":{}},"trust_badge_jRkikQ":{"type":"trust_badge","settings":{}},"delivery_time_XFQBqG":{"type":"delivery_time","settings":{}},"product_tabs_K834Qi":{"type":"product_tabs","settings":{}},"tags_weqLz8":{"type":"tags","settings":{"show_icon":true,"show_label":true}},"collections_UXLWcw":{"type":"collections","settings":{"show_icon":true,"show_label":true}},"sharing_icons_D9kHPg":{"type":"sharing_icons","settings":{"show_icon":true,"show_label":true}},"social_discount_RwdY7Y":{"type":"social_discount","settings":{}},"full_details_KEV94e":{"type":"full_details","settings":{}}},"block_order":["properties_DzYRWg","title_yjeGwR","star_rating_Mmjhtc","price_Hpqpr3","wish_list_qm3kVm","quick_compare_KN7rxb","bullet_points_GrhjJr","size_chart_gAAUhR","color_swatches_pbw4kx","product_swatches_8eAcRk","variant_picker_xrQX7R","quantity_selector_BD3NAq","customizable_products_pcR6DU","description_mhakXJ","buy_buttons_EnLbgD","trust_badge_jRkikQ","delivery_time_XFQBqG","product_tabs_K834Qi","tags_weqLz8","collections_UXLWcw","sharing_icons_D9kHPg","social_discount_RwdY7Y","full_details_KEV94e"],"settings":{"show_on_desktop":true,"show_on_mobile":true,"section_style":"blank","container_size":"container","product":"6-seater-dining-table","show_divider_on_mobile":true,"enable_fading_effect":true,"enable_video_looping":false,"show_filtered_images":false,"gallery_layout":"thumbnails","image_size":"sm","images_loading_type":"lazy","color_scheme":""}},"upsell-bundles":{"type":"dbtfy-upsell-bundles","settings":{"show_on_desktop":true,"show_on_mobile":true,"section_style":"blank","container_size":"container","heading":"Frequently bought together","subheading":"","total_price_label":"Total price:","button_label":"Add selected items","button_icon":"library_add_check","current_product_label":"Current product: ","show_star_rating":false,"show_automatic_bundles":true,"product_count_in_bundle":"2","position":"separate_section","discount_name":"","discount_amount":"","discount_type":"%"}},"dbtfy_before_after_image_rwhdeR":{"type":"dbtfy-before-after-image","blocks":{"before_after_zVAMP6":{"type":"before_after","settings":{"color_scheme":"","text":"","button_text":"","button_link":"","button_style":"","content_position":"left-top","color_scheme_2":"","text_2":"","button_text_2":"","button_link_2":"","button_style_2":"","content_position_2":"left-top"}}},"block_order":["before_after_zVAMP6"],"settings":{"color_scheme":"","heading":"Before & After Section","heading_font_size":28,"subheading":"Highlight key differences between before and after using your product","subheading_font_size":16,"content":"","heading_position":"center","text_alignment":"center","cursor_direction":"horizontal","initial_position":50,"image_height":500,"full_width":false,"autoplay":true,"autoplay_speed":5,"bullet_style":"code","selected_bullet_color":"#000000","unselected_bullet_color":"#ffffff","bullet_position":"50","arrow_type":"chevron-floating","hide_arrow_on_mobile":true,"show_bullets_and_arrows_on_hover":true,"arrow_background_color":"#ffffff","arrow_color":"#000000","arrow_position":"50","enable_scroll_animation":true}},"main-product-back-to-collection":{"type":"main-product-back-to-collection","disabled":true,"settings":{}},"dbtfy_split_video_with_text_VJz7wn":{"type":"dbtfy-split-video-with-text","blocks":{"heading_QfKwVa":{"type":"heading","settings":{"heading":"Featured Video","font_size":34}},"text_cxEje8":{"type":"text","settings":{"text":"<p>Upgrade your wardrobe with our premium women's leather jacket, the perfect blend of sophistication and edge. Crafted from 100% genuine leather, this jacket offers a luxurious feel and a classic silhouette designed to elevate any outfit. Whether you're dressing up for a night out or adding a touch of cool to your casual wear, this jacket is your go-to piece for effortless style.<\/p>"}},"button_mmtqcD":{"type":"button","settings":{"button_text":"Shop Now","button_link":"","button_style":"btn--primary","enable_icon":false,"icon":"shopping_cart"}}},"block_order":["heading_QfKwVa","text_cxEje8","button_mmtqcD"],"settings":{"show_on_desktop":true,"show_on_mobile":true,"container_size":"container","text_section_radius":12,"section_style":"default","video_link":"https:\/\/www.youtube.com\/watch?v=_9VUPq3SxOc","enable_autoplay":true,"enable_controls":false,"video_height":"adapt","video_section_radius":0,"video_loading_type":"eager","video_position_desktop":"left","video_position_mobile":"top","text_alignment":"start","text_layout":"default","top_padding":32,"bottom_padding":32,"color_scheme":""}},"slideshow_kPBE4J":{"type":"dbtfy-slideshow","blocks":{"slide_a4tNpx":{"type":"slide","settings":{"heading":"","media_priority":"image","show_overlay":true,"image_alignment":"center-center","image_alignment_mobile":"center-center","slide_link":"","title":"Natural ingredients","text":"<p>We always choose the finest natural ingredients, then expertly blend them to benefit your hair, skin, and mind. Skincare and makeup that go hand in hand to protect, nourish and heal your skin while highlighting your natural beauty.<\/p>","text_position":"align-items-md-center","text_position_mobile":"align-items-center","text_alignment":"sm:text-center justify-content-md-center","text_alignment_mobile":"text-center justify-content-center","button_label_1":"Buy Now","button_link_1":"shopify:\/\/collections\/all","button_style_1":"btn--primary","button_label_2":"","button_link_2":"shopify:\/\/collections\/all","button_style_2":""}}},"block_order":["slide_a4tNpx"],"settings":{"enable_autoplay":false,"show_arrows":true,"autoplay_speed":5,"section_height":"lg","section_height_mobile":"lg","show_on_desktop":true,"show_on_mobile":true,"images_loading_type":"eager","color_scheme":""}},"main-product-recommendations":{"type":"main-product-recommendations","settings":{"show_on_desktop":true,"show_on_mobile":true,"section_style":"blank","container_size":"container","heading":"Recommended for you","subheading":"","products_limit":6,"products_per_row_desktop":"4","products_per_row_mobile":"2","enable_slider":true,"show_arrows":true,"show_dots":true,"enable_autoplay":false,"autoplay_speed":5,"slider_products_in_row":4,"color_scheme":""}},"dbtfy_testimonials_iwzhMD":{"type":"dbtfy-testimonials","blocks":{"testimonial_aRdHBk":{"type":"testimonial","settings":{"star_rating":5,"heading":"","enable_autoplay":false,"enable_mute":false,"text":"<p>Share blog posts, products, or promotions with your customers. Use this text to describe products, share details on availability and style, or as a space to display recent reviews or FAQs.<\/p>","date":"","profession":"Profession","author":"Author's name","testimonial_link":""}},"testimonial_ae7eV3":{"type":"testimonial","settings":{"star_rating":5,"heading":"","enable_autoplay":false,"enable_mute":false,"text":"<p>Share blog posts, products, or promotions with your customers. Use this text to describe products, share details on availability and style, or as a space to display recent reviews or FAQs.<\/p>","date":"","profession":"Profession","author":"Author's name","testimonial_link":""}},"testimonial_CnipFW":{"type":"testimonial","settings":{"star_rating":5,"heading":"","enable_autoplay":false,"enable_mute":false,"text":"<p>Share blog posts, products, or promotions with your customers. Use this text to describe products, share details on availability and style, or as a space to display recent reviews or FAQs.<\/p>","date":"","profession":"Profession","author":"Author's name","testimonial_link":""}}},"block_order":["testimonial_aRdHBk","testimonial_ae7eV3","testimonial_CnipFW"],"settings":{"heading":"Testimonials","subheading":"","display_type":"grid","character_limit":"200","show_read_more":true,"button_style":"btn--primary","read_more_label":"Show more","read_less_label":"Show less","show_star_rating":true,"show_author_image":true,"show_default_avatar":false,"show_author_name":true,"show_paragraph":true,"show_company":true,"show_date":true,"text_date_format_timer":"1","profile_picture_style":"circle","rounded_radius":10,"user_data_location":"above","profile_content_text_alignment":"left","review_content_text_alignment":"justify-content-start text-start","media_position":"left","show_quotation_icon":false,"icon":"format_quote","quotation_icon_position":"right","show_on_desktop":true,"show_on_mobile":true,"section_style":"blank","container_size":"container","icon_size":"60","icon_size_mobile":"60","show_arrows":true,"show_dots":true,"enable_autoplay":true,"autoplay_speed":5,"images_loading_type":"lazy","color_scheme":""}},"dbtfy_image_with_text_GA3LPV":{"type":"dbtfy-image-with-text","blocks":{"heading_U6F3AA":{"type":"heading","settings":{"heading":"Image With Text Section","heading_size":20}},"text_AiYp94":{"type":"text","settings":{"text":"<p>Lorem Ipsum is simply dummy text of the printing and typesetting industry. Lorem Ipsum has been the industry's standard dummy text ever since the <\/p>","text_size":"large"}},"button_cbBYqB":{"type":"button","settings":{"button_label":"Shop Now","button_link":"shopify:\/\/products\/6-seater-dining-table","button_style":"btn--primary"}}},"block_order":["heading_U6F3AA","text_AiYp94","button_cbBYqB"],"settings":{"show_on_desktop":true,"show_on_mobile":true,"section_style":"blank","container_size":"container","image_size":"medium","image_link":"","image_position":"left","image_position_mobile":"top","text_position":"center","text_alignment":"sm:text-start","text_alignment_mobile":"text-start","text_overlap":"","images_loading_type":"lazy","images_animation":"ambient-movement","color_scheme":""}},"dbtfy_text_columns_with_images_pxNxwa":{"type":"dbtfy-text-columns-with-images","blocks":{"column_RBKgFc":{"type":"column","settings":{"image_link":"","icon":"","heading":"Heading","subheading":"","text":"<p>Talk about how and why is your brand better than the others.<\/p>","text_alignment":"text-center","button_label":"Shop Now","button_link":""}},"column_BmWLiK":{"type":"column","settings":{"image_link":"","icon":"","heading":"Heading","subheading":"","text":"<p>Talk about how and why is your brand better than the others.<\/p>","text_alignment":"text-center","button_label":"Shop Now","button_link":""}},"column_itcM3r":{"type":"column","settings":{"image_link":"","icon":"","heading":"Heading","subheading":"","text":"<p>Talk about how and why is your brand better than the others.<\/p>","text_alignment":"text-center","button_label":"Shop Now","button_link":""}},"column_Ji9WmX":{"type":"column","settings":{"image_link":"","icon":"","heading":"Heading","subheading":"","text":"<p>Talk about how and why is your brand better than the others.<\/p>","text_alignment":"text-center","button_label":"","button_link":""}}},"block_order":["column_RBKgFc","column_BmWLiK","column_itcM3r","column_Ji9WmX"],"settings":{"show_on_desktop":true,"show_on_mobile":true,"section_style":"blank","container_size":"container","heading":"Text With Image\/Icon","subheading":"","heading_size":"medium","image_size":"sm","button_style":"btn--primary","desktop_columns":4,"display_type":"grid","show_dots":true,"show_arrows":true,"enable_autoplay":true,"autoplay_speed":5,"slides_amount":3,"slides_amount_mobile":1,"images_loading_type":"lazy","color_scheme":""}},"main-product-review-widget":{"type":"main-product-review-widget","disabled":true,"settings":{"section_style":"blank","container_size":"container","color_scheme":""}},"recently-viewed":{"type":"dbtfy-recently-viewed","settings":{"show_on_desktop":true,"show_on_mobile":true,"section_style":"blank","container_size":"container","heading":"Recently viewed","subheading":"","products_per_row_desktop":"4","products_per_row_mobile":"2","enable_slider":true,"show_arrows":true,"show_dots":true,"enable_autoplay":false,"autoplay_speed":5,"slider_products_in_row":"3","slider_products_in_row_mobile":"1","color_scheme":""}}},"order":["main","featured_product_zkbjtD","upsell-bundles","dbtfy_before_after_image_rwhdeR","main-product-back-to-collection","dbtfy_split_video_with_text_VJz7wn","slideshow_kPBE4J","main-product-recommendations","dbtfy_testimonials_iwzhMD","dbtfy_image_with_text_GA3LPV","dbtfy_text_columns_with_images_pxNxwa","main-product-review-widget","recently-viewed"]}