{"sections":{"main":{"type":"main-page-contact","blocks":{"name":{"type":"name","settings":{"title":"","required":true,"half_width":true}},"email":{"type":"email","settings":{"title":"","half_width":true}},"phone":{"type":"phone","settings":{"title":"","required":true,"half_width":false}},"message":{"type":"message","settings":{"title":"","required":true,"half_width":false}}},"block_order":["name","email","phone","message"],"settings":{"section_style":"blank","container_size":"container","show_heading":true,"show_placeholder":true,"show_label":false,"btn_alignment":"text-center","btn_icon":false,"color_scheme":"scheme-08b4fef8-33c1-4ac2-a9bf-66eea24a483c"}}},"order":["main"]}