{"sections":{"header":{"type":"main-password-header","settings":{"logo":"shopify:\/\/shop_images\/P_T_2.png","logo_width":90,"color_scheme":"scheme-08b4fef8-33c1-4ac2-a9bf-66eea24a483c"}},"main":{"type":"main-password","custom_css":[],"settings":{"title":"Coming soon","show_newsletter":true,"newsletter_form_heading":"<p>Enter your email below and get notified first when we launch!<\/p>","newsletter_placeholder":"Email address","newsletter_button_text":"Notify me","show_share_buttons":true,"color_scheme":"scheme-08b4fef8-33c1-4ac2-a9bf-66eea24a483c"}},"footer":{"type":"main-password-footer","disabled":true,"settings":{"color_scheme":""}}},"order":["header","main","footer"],"layout":"password"}